{"cnn": {"use_augmentation": true, "before_tuning": [1.403025507926941, 0.7090303897857666], "metrics": [1.403025507926941, 0.7090303897857666]}, "mobilenet": {"use_augmentation": true, "before_tuning": [0.718782901763916, 0.8457852602005005], "metrics": [0.7187819480895996, 0.8457852602005005]}, "vgg16": {"use_augmentation": true, "before_tuning": [0.5635265111923218, 0.8691732883453369], "metrics": [0.5634663701057434, 0.8691732883453369]}, "inception": {"use_augmentation": true, "before_tuning": [0.9937169551849365, 0.7890205979347229], "metrics": [0.9937178492546082, 0.7890205979347229]}, "effiecientnet": {"use_augmentation": true, "before_tuning": [3.692922592163086, 0.1025661826133728], "metrics": [3.692922353744507, 0.1025661826133728]}, "vgg16_non_augmented": {"use_augmentation": false, "before_tuning": [0.5272201299667358, 0.8712847232818604], "metrics": [0.5272122621536255, 0.8712847232818604]}, "resnet": {"use_augmentation": true, "before_tuning": [1.2044059038162231, 0.804937481880188], "metrics": [1.2039530277252197, 0.8050186634063721]}}